{
    "accuracy": 0.9411764705882353,
    "roc_auc": 0.9666666666666667
}